product_id,name,category,price,stock_quantity
1,Elderberry Syrup,Food - Supplements,49,37
2,Crafting Kit,Art Supplies,40,94
3,Golf Polo Shirt,Clothing - Tops,38,67
4,Travel Yoga Mat,Fitness,51,89
5,Classic Cheeseburger Mix,Food - Meats,3,47
6,Waterproof Rain Boots,Clothing - Footwear,18,67
7,Tomato Sauce,Food - Canned Goods,18,66
8,Rechargeable Electric Screwdriver,Tools,87,4
9,Aeropress Coffee Maker,Kitchen,76,18
10,Dark Chocolate Raisins,Food - Snacks,43,88
11,Roasted Vegetable Medley,Food - Frozen Foods,20,70
12,Bamboo Cutting Board Set,Kitchen,47,39
13,Watering Can with Nozzle,Garden,16,71
14,Beef Chili,Food - Canned Goods,63,37
15,Almond Butter,Food - Condiments,41,15
16,Lentil Vegetable Curry,Food - Prepared Meals,17,90
17,Voice-Controlled Speaker,Audio,23,97
18,Foldable Picnic Table,Outdoor,41,99
19,Portable Charcoal Grill,Outdoor,36,57
20,Savory Quinoa Pudding,Food - Sides,52,60
21,Interchangeable Watch Bands,Accessories,6,4
22,Crispy Chickpeas,Food - Snacks,54,24
23,Compact Refrigerator,Home Appliances,7,85
24,Vegetable Lasagna,Food - Frozen Foods,37,22
25,Portable Air Conditioner,Home Appliances,47,6
26,Phone Case,Accessories,16,68
27,Canned Sardines,Food - Seafood,60,21
28,BBQ Jackfruit,Food - Prepared Foods,29,79
29,Electric Griddle with Removable Plates,Kitchen,68,52
30,Pumpkin Spice Pancake Mix,Food - Breakfast,81,29
31,Chocolate Mint Thins,Food - Snacks,75,57
32,Classic Caesar Salad Kit,Food - Salads,38,77
33,Rechargeable Battery Organizer,Home,22,97
34,Frozen Chicken Nuggets,Food - Frozen Foods,65,83
35,Self-Adhesive Wallpaper,Home,14,13
36,Rechargeable Hand Warmer,Accessories,55,19
37,Black Bean Soup,Food - Soups,45,15
38,Mediterranean Flatbread,Food - Bakery,56,96
39,Tomato Basil Pasta Sauce,Food - Sauces,76,44
40,Coconut Cream Pie Mix,Food - Baking,31,46
41,Portable Air Compressor,Automotive,85,97
42,Foot Spa Bath Massager,Health,26,2
43,Sweet and Sour Sauce,Food - Condiments,78,84
44,Belted Trench Coat,Clothing - Outerwear,73,2
45,Acoustic Guitar,Music,31,19
46,Matcha Green Tea Powder,Food - Beverages,58,20
47,Electric Screwdriver,Tools,10,19
48,Eco-Friendly Beeswax Wraps,Kitchen,79,84
49,Crispy Tofu Bites,Food - Protein,51,91
50,Spinach and Cheese Stuffed Shells,Food - Frozen Meals,13,52
51,Spaghetti Squash,Food - Produce,63,19
52,Sesame Seeds,Food - Baking,30,51
53,Interchangeable Watch Bands,Accessories,84,96
54,Mushrooms,Food - Produce,11,11
55,Homestyle Chicken Noodle Soup,Food - Canned Goods,12,74
56,Interactive Plush Toy,Toys,79,14
57,Couscous,Food - Grains,65,47
58,Feta Cheese,Food - Dairy,41,62
59,Watering Can with Nozzle,Garden,13,59
60,Whole Wheat Pasta,Food - Grains,97,45
61,Essential Oil Diffuser,Health,11,70
62,Spicy BBQ Sauce,Food - Condiments,52,17
63,Electric Can Opener,Kitchen,18,37
64,Vanilla Ice Cream,Food - Frozen Foods,91,66
65,Coffee Grinder,Kitchen,40,26
66,Set of Silicone Cooking Utensils,Kitchen,31,93
67,Personalized Keychain,Accessories,6,8
68,Coconut Cream Pie,Food - Bakery,16,64
69,Chocolate Fudge Ice Cream,Food - Frozen Desserts,91,6
70,Teriyaki Sauce,Food - Condiments,54,9
71,Gardening Kneeler and Seat,Garden,40,99
72,Vegan Caesar Dressing,Food - Condiments,73,29
73,Floral Wrap Top,Clothing - Tops,51,17
74,Floral Summer Dress,Clothing - Dresses,47,20
75,Self-Adhesive Wallpaper,Home,90,35
76,Fresh Cilantro,Food - Produce,90,45
77,Kids' Gardening Kit,Toys,14,49
78,Chocolate Raspberry Tart,Food - Bakery,32,66
79,Fitness Resistance Bands,Fitness,42,6
80,Herbed Goat Cheese,Food - Cheese,1,9
81,Beard Grooming Kit,Grooming,92,58
82,Deep Tissue Massage Gun,Health,70,74
83,Garlic and Herb Cream Cheese,Food - Dairy,36,8
84,Electric Griddle,Kitchen,71,91
85,Sweet Potato Chips,Food - Snacks,68,43
86,Mixed Nuts,Food - Snacks,36,58
87,Adjustable Yoga Mat Strap,Fitness,76,17
88,Board Game Storage,Toys,89,67
89,Coconut Oil Spray,Food - Cooking Oils,85,1
90,Cable Knit Cardigan,Clothing - Outerwear,16,58
91,Crispy Kale Chips,Food - Snacks,31,16
92,Weighted Blanket,Health,68,81
93,Foot Spa Bath Massager,Health,86,3
94,Lentils,Food - Grains,5,34
95,Garlic Butter Sauce,Food - Condiments,20,38
96,Savory Breakfast Sausage,Food - Meats,13,67
97,Rustic Wooden Picture Frame,Home,100,29
98,Sweet BBQ Dipping Sauce,Food - Condiments,73,58
99,Carrot Ginger Soup,Food - Soups,60,37
100,Baking Soda,Food - Baking,83,86
101,Coconut Bowls Set,Kitchen,68,58
102,Vegetable Fried Rice Mix,Food - Frozen Food,35,87
103,Winter Insulated Jacket,Clothing,11,4
104,Puffer Winter Coat,Clothing - Outerwear,51,6
105,Sliced Avocado,Food - Produce,53,56
106,Travel Shoe Bags Set,Travel,93,29
107,Cinnamon Sugar Popcorn,Food - Snacks,20,87
108,Vegetarian Stir Fry Sauce,Food - Condiments,59,89
109,Over-the-Door Hooks,Home,82,75
110,Professional Chef Knife,Kitchen,58,27
111,Savory Rice Cakes,Food - Snacks,30,1
112,Outdoor Fire Pit,Outdoor,51,31
113,Chickpea Salad,Food - Prepared Foods,96,87
114,Travel Eye Mask with Ear Plugs,Travel,96,18
115,Pumpkin Spice Granola,Food - Breakfast,39,75
116,Kale Salad with Lemon Dressing,Food - Salads,21,15
117,Smartwatch,Wearable Tech,22,19
118,Sweet Cherry Tomatoes,Food - Produce,2,83
119,Telescope,Outdoor,76,98
120,LED Camping Lantern with USB Charging,Outdoor,5,86
121,Plant-Based Meal Prep Containers,Kitchen,67,61
122,Nature Explorer Lens Kit,Toys,20,46
123,Lemon Sorbet,Food - Frozen Desserts,34,5
124,Peach Yogurt,Food - Dairy,16,89
125,Granulated Sugar,Food - Baking,69,90
126,Beef Taco Skillet,Food - Meal Kits,6,30
127,Rainbow Veggie Chips,Food - Snacks,93,57
128,Striped Long Sleeve Shirt,Clothing - Shirts,52,5
129,Baked Falafel Balls,Food - Frozen Vegetables,22,9
130,Oven Mitts with Pocket,Kitchen,2,45
131,Herbed Couscous,Food - Grains,67,71
132,Foldable Picnic Table,Outdoor,68,68
133,Karaoke Microphone,Music,97,17
134,Sweetened Condensed Milk,Food - Baking Goods,24,70
135,Pork Chops,Food - Meat,72,42
136,Electric Heat Press Machine,Crafts,64,4
137,Portable Laptop Table,Office,37,39
138,Aeropress Coffee Maker,Kitchen,83,88
139,Cranberry Lime Sparkling Water,Food - Beverages,25,72
140,Adjustable Garden Rake,Garden,38,56
141,Spinach and Cheese Stuffed Shells,Food - Frozen Meals,90,74
142,Italian Pasta,Food - Grains,24,45
143,Coconut Chia Seed Pudding,Food - Snacks,73,60
144,Camera Tripod,Photography,51,52
145,Compact Refrigerator,Home Appliances,97,9
146,Honey Graham Crackers,Food - Snacks,55,60
147,Almond Flour Tortillas,Food - Baking & Cooking,11,54
148,Asian Stir-Fry Kit,Food - Frozen Meals,61,10
149,Eco-Friendly Stainless Steel Straws,Kitchen,51,20
150,Nordic Berry Smoothie,Food - Frozen Foods,56,87
151,First Aid Kit,Health,81,67
152,Ceramic Planter Set,Home,78,4
153,Wall-Mounted Bookshelf,Home,68,26
154,Sweet Cherry Tomatoes,Food - Produce,3,13
155,Organic Whole Grain Oats,Food - Breakfast,74,40
156,Pet Bed,Pets,63,32
157,Sunflower Seeds,Food - Nuts,7,41
158,Fruit and Nut Energy Bites,Food - Snacks,94,33
159,Karaoke Microphone,Music,88,43
160,Beef Stroganoff Mix,Food - Meal Kits,17,67
161,Cream Cheese,Food - Dairy,64,4
162,Peach Mango Smoothie Mix,Food - Beverages,99,43
163,Pesto Pasta Sauce,Food - Sauces,11,20
164,Over-the-Door Hooks,Home,1,65
165,Wireless Car Charger,Automotive,44,32
166,Beef Taco Skillet,Food - Meal Kits,60,8
167,Chunky Knit Sweater,Clothing - Tops,73,49
168,Sweet and Spicy Barbecue Sauce,Food - Condiments,63,96
169,Comfort Flats,Clothing - Shoes,60,32
170,Non-Stick Grill Pan,Kitchen,4,58
171,Self-Cleaning Water Bottle,Fitness,92,72
172,Smartphone Camera Lens Kit,Photography,64,47
173,Wireless Range Extender,Electronics,4,61
174,Pet Hair Removal Brush,Pets,27,89
175,Sesame Oil,Food - Oils & Vinegars,65,95
176,Lemon Herb Chicken,Food - Meat,83,77
177,Homemade Salsa,Food - Condiments,94,74
178,Sweet Potatoes (organic),Food - Vegetables,99,38
179,Electric Butter Churn,Kitchen,6,86
180,Zesty Cilantro Lime Dressing,Food - Condiments,59,54
181,Shoe Organizer,Home,92,43
182,Kale and Quinoa Salad,Food - Salads,62,13
183,Coffee Maker,Kitchen,24,48
184,Mini Indoor Hydroponic Garden,Garden,96,18
185,Basmati Rice,Food - Grains,31,90
186,Organic Quinoa Salad,Food - Prepared Meals,92,53
187,Raspberry Tart,Food - Baked Goods,58,22
188,Almond Butter Cookies,Food - Snacks,95,1
189,Spicy Garlic Edamame,Food - Snacks,39,3
190,Pepper Jack Cheese Sticks,Food - Snacks,42,50
191,Electric Opener for Jars and Bottles,Kitchen,87,11
192,Pleated Midi Dress,Clothing - Dresses,56,66
193,Asian Stir-Fry Vegetables,Food - Frozen Foods,34,55
194,Foldable Yoga Mat,Fitness,24,59
195,Samoas Cookie Mix,Food - Baking,96,11
196,Sweet Potato Tots,Food - Frozen Foods,90,5
197,Organic Almonds,Food - Nuts,67,45
198,Vintage Graphic Tee,Clothing - Tops,97,80
199,Hibiscus Tea Bags,Food - Beverages,4,15
200,Cacao Powder,Food - Baking,74,32
201,Snap-On Tupperware Set,Kitchen,99,99
202,Indestructible Dog Toy,Pets,4,64
203,Vegan Chocolate Cake Mix,Food - Baking,100,77
204,Gardening Tools Set,Garden,65,20
205,Electric Screwdriver,Tools,42,45
206,Organic Baby Spinach,Food - Produce,77,44
207,Frozen Berry Blend,Food - Frozen Foods,22,13
208,Active Racerback Tank,Clothing - Tops,76,34
209,Ceramic Cookware Set,Kitchen,15,83
210,Interactive Robot Toy,Toys,12,56
211,Pet Grooming Brush,Pets,36,84
212,Peanut Butter Cookies,Food - Bakery,45,97
213,Wireless Mouse,Electronics,85,70
214,Pumpkin Ice Cream,Food - Frozen Foods,51,98
215,Mint Chocolate Chip Ice Cream,Food - Frozen Desserts,90,55
216,Fitness Tracker Watch,Wearable Tech,41,40
217,Pineapple Salsa,Food - Condiments,57,66
218,Outdoor Camping Hammock,Outdoor,4,1
219,Pumpkin Pie Spice,Food - Baking,39,18
220,Travel Shoe Bags Set,Travel,98,78
221,Tabletop Fire Pit,Outdoor,66,39
222,Adjustable Dumbbells,Fitness,52,59
223,Ground Cinnamon,Food - Spices,27,83
224,Smartphone Hand Grip,Accessories,3,44
225,Peanut Butter Chocolate Clusters,Food - Desserts,42,57
226,Smoked Paprika,Food - Spices,59,26
227,Adjustable Resistance Bands,Fitness,63,90
228,Thai Peanut Dressing,Food - Condiments,15,51
229,Beef Stew Meat,Food - Meat,28,17
230,Buffalo Chicken Dip,Food - Dips,53,91
231,Reclining Camping Chair,Outdoor,81,21
232,Organic Coconut Water,Food - Beverages,4,72
233,Kids' Outdoor Explorer Kit,Toys,8,72
234,Laundry Detergent,Food - Household,59,88
235,Pesto Pasta Sauce,Food - Sauces,31,37
236,Yoga Wheel,Fitness,33,73
237,Organic Coconut Sugar,Food - Baking Goods,9,96
238,Pet Camera with Treat Dispenser,Pets,97,51
239,Creamy Spinach Dip,Food - Prepared Foods,37,72
240,Butternut Squash Ravioli,Food - Frozen Foods,9,68
241,Sea Salt Caramel Popcorn,Food - Snacks,33,16
242,Cold Brew Coffee Concentrate,Food - Beverages,100,100
243,Hand Crank Blender,Kitchen,60,24
244,Baby Monitor,Baby,55,44
245,Safety Goggles,Safety,57,10
246,Garden Tool Set with Carrying Bag,Garden,74,54
247,Fleece Throw Blanket,Home,16,55
248,Breezy Off-The-Shoulder Top,Clothing - Tops,51,56
249,Repair Tool Set for Home Improvement,Tools,7,7
250,Cream Cheese,Food - Dairy,5,93
251,Shoe Organizer,Home,95,24
252,Wildflower Honey,Food - Condiments,80,1
253,Spicy Hummus,Food - Deli,44,29
254,Silicone Baking Mat,Kitchen,86,79
255,Samsung Galaxy Smartwatch,Wearable Tech,43,39
256,Chocolate Chip Muffins,Food - Bakery,53,32
257,Herb Garden Planter Box,Garden,89,72
258,Pet Carrier Backpack,Pets,45,19
259,Magnetic Screen Door,Outdoor,39,30
260,Men's Waterproof Hiking Boots,Footwear,64,8
261,Dish Soap Dispenser,Kitchen,88,19
262,Chic Ankle Strap Heels,Clothing - Shoes,89,76
263,Frozen Fruit Medley,Food - Frozen Foods,23,16
264,Blue Denim Jeans,Clothing - Bottoms,41,58
265,Pineapple Coconut Yogurt,Food - Dairy,83,79
266,Spicy Thai Chili Sauce,Food - Sauces,20,97
267,Wall-Mounted Spice Rack,Kitchen,52,32
268,Over-The-Door Shoe Organizer,Home,16,100
269,Aeropress Coffee Maker,Kitchen,15,96
270,Portable Phone Charger,Accessories,66,16
271,Mushroom Soup (canned),Food - Canned Goods,71,18
272,Luminous Night Light,Home,27,73
273,Pet First Aid Kit,Pets,43,29
274,Nutritional Yeast,Food - Pantry,32,74
275,Vegetable Fried Rice,Food - Frozen Foods,18,95
276,Dark Chocolate Raisins,Food - Snacks,95,10
277,Photo Album,Home,49,5
278,LED Strip Lights with Remote Control,Home,92,85
279,Oven-Baked Cheese Crisps,Food - Snacks,44,90
280,Portable Solar Generator,Outdoor,60,33
281,Saffron Rice Mix,Food - Grains,23,93
282,Digital Stopwatch Timer,Fitness,37,43
283,Black Bean & Corn Salad,Food - Salads,42,60
284,Stainless Steel Water Bottle,Fitness,4,34
285,Quinoa and Kale Salad Kit,Food - Salads,31,84
286,High-Pressure Handheld Shower Head,Bathroom,65,39
287,Brown Rice,Food - Grains,86,7
288,Whole Wheat Bread,Food - Bakery,41,24
289,Garlic Parmesan Roasted Nuts,Food - Nuts,42,96
290,Compressed Towel Tablets,Travel,24,38
291,USB Flash Drive,Storage,35,99
292,Sweet Cherry Tomatoes,Food - Produce,72,75
293,Oven-Baked Cheese Crisps,Food - Snacks,58,28
294,Wireless Charger Stand,Electronics,74,69
295,Repair Tool Set for Home Improvement,Tools,65,30
296,Wall-Mounted Bookshelf,Home,100,4
297,Andouille Sausage,Food - Meat,25,8
298,Set of Measuring Spoons,Kitchen,35,96
299,Granola Cereal,Food - Breakfast,66,57
300,Manual Coffee Grinder,Kitchen,25,53
301,Hand Mixer,Kitchen,21,31
302,Jalape√±o Cornbread,Food - Bakery,48,8
303,Magnetic Chess Set,Toys,91,66
304,Protein Pancake Mix,Food - Breakfast,60,75
305,Smart Fitness Scale,Fitness,94,70
306,Couscous,Food - Grains,58,27
307,Almond Butter Cups,Food - Snacks,88,82
308,Jennifer's Amazing Lip Balm Kit,Beauty,42,34
309,Puzzle 3D Model Kit,Toys,3,63
310,Pesto Pasta Salad,Food - Prepared Foods,59,20
311,First Aid Kit,Health,16,50
312,Cabbage,Food - Produce,32,28
313,Dark Chocolate Covered Pretzels,Food - Snacks,73,14
314,Wireless Gaming Headset,Gaming,15,80
315,Travel Jewelry Organizer,Accessories,95,71
316,Fitness Resistance Bands,Fitness,91,93
317,Plaid Flannel Shirt,Clothing - Tops,20,94
318,Wall-Mounted Wine Rack,Home,40,21
319,Fruit and Nut Medley,Food - Snacks,33,92
320,Dark Chocolate Covered Raisins,Food - Snacks,8,28
321,Lemon Basil Pasta Sauce,Food - Sauces,38,12
322,Puzzle 3D Model Kit,Toys,46,39
323,Karaoke Microphone,Music,83,32
324,Chocolate Mint Cookies,Food - Baking,63,29
325,Vegan Caesar Dressing,Food - Condiments,85,64
326,Smart Thermostat with Wi-Fi,Smart Home,72,41
327,Cinnamon Roll Protein Bar,Food - Snacks,19,53
328,Vegetable Curry,Food - Frozen Foods,29,82
329,Pepperoni Pizza Rolls,Food - Snacks,39,58
330,Wire Shelving Unit,Home,9,48
331,Chicken Broth,Food - Canned Goods,19,54
332,Shatterproof Wine Glasses,Outdoor,63,12
333,Weighted Blanket,Health,17,94
334,Cauliflower Rice Stir-Fry,Food - Frozen Foods,41,42
335,Kale and Quinoa Salad,Food - Salads,22,92
336,Spiralizer,Kitchen,85,71
337,Black Bean Spaghetti,Food - Pasta,71,83
338,Pear and Gorgonzola Salad,Food - Salads,93,96
339,Corn Tortillas,Food - Bakery,52,43
340,Pet Grooming Glove,Pets,68,41
341,Spinach and Feta Wraps,Food - Prepared Foods,96,39
342,Chili Beans (canned),Food - Canned Goods,66,41
343,Deep Tissue Massage Gun,Health,39,85
344,Maple Almond Granola,Food - Breakfast,70,25
345,Classic Caesar Salad Kit,Food - Salads,8,46
346,Heavy Duty Gardening Tool Set,Garden,44,48
347,Mediterranean Chickpea Bowl,Food - Prepared Foods,95,59
348,Vegan Mayonnaise,Food - Condiments,35,92
349,Party Mini Dress,Clothing - Dresses,66,53
350,Oven-Baked Parmesan Zucchini,Food - Frozen Vegetables,61,28
351,Maple Pecan Oatmeal Cookies,Food - Bakery,3,52
352,Overnight Hiking Backpack,Outdoor,78,58
353,Luxury Bath Robe,Clothing,2,33
354,Video Camera,Electronics,78,30
355,Travel Pillow with Memory Foam,Travel,7,25
356,Frozen Chicken Nuggets,Food - Frozen Foods,74,4
357,Thermostatic Shower Valve Kit,Bathroom,18,35
358,Pet Travel Bowl,Pets,2,7
359,Wireless Gaming Mouse,Gaming,39,55
360,Mini Indoor Hydroponic Garden,Garden,42,18
361,Oven-Baked Cheese Crisps,Food - Snacks,89,37
362,Mechanical Pencil Set,Office,98,33
363,Nordic Berry Smoothie,Food - Frozen Foods,26,48
364,High-Quality Yoga Mat,Fitness,57,38
365,Pork Chops,Food - Meat,28,30
366,Bicycle Repair Kit,Outdoor,55,9
367,Cheese Stuffed Jalapenos,Food - Snacks,58,56
368,Smartphone Tripod with Bluetooth Remote,Photography,82,59
369,Electric Hot Water Dispenser,Kitchen,81,24
370,Maple Pecan Oatmeal Cookies,Food - Bakery,89,79
371,Chino Shorts,Clothing - Bottoms,50,79
372,Board Game,Toys,71,33
373,Portable Blender,Kitchen,40,52
374,High-Speed Hand Blender,Kitchen,19,52
375,Tuscan Bean Soup,Food - Canned Goods,41,62
376,Chickpea Flour,Food - Baking,84,72
377,Brazil Nuts,Food - Nuts,8,13
378,Mechanical Pencil Set,Office,72,72
379,Non-Toxic Crayons for Kids,Toys,22,45
380,Granola Cereal,Food - Breakfast,1,47
381,Magnetic Chess Set,Toys,21,66
382,Electric Can Opener,Kitchen,25,8
383,Nut Butter Cups,Food - Snacks,20,88
384,Wild Rice & Quinoa Mix,Food - Grains,35,16
385,Chocolate Mint Thins,Food - Snacks,87,92
386,Fresh Cilantro,Food - Produce,59,8
387,Rain Jacket,Clothing,80,28
388,Travel Laundry Bag,Travel,36,96
389,Caramel Apple Taffy,Food - Confectionery,74,53
390,Mediterranean Flatbread,Food - Bakery,55,80
391,Cinnamon Sugar Donuts,Food - Bakery,69,70
392,Craft Beer Mustard,Food - Condiments,73,91
393,Essential Oils Diffuser Necklace,Health,59,5
394,Pet Food Storage Container,Pets,6,10
395,Tandoori Chicken Skewers,Food - Meat,95,15
396,Chicken Breasts,Food - Meat,20,85
397,Apple Sauce,Food - Canned Goods,43,57
398,Dog Training Clicker,Pets,70,76
399,Lemon Garlic Marinade,Food - Condiments,41,48
400,Pineapple Rings,Food - Canned Goods,11,65
401,Taro Chips,Food - Snacks,30,13
402,Artisan Cornbread Mix,Food - Baking,11,59
403,Smartphone Tripod,Photography,39,84
404,Crew Neck Sweater,Clothing - Sweaters,100,28
405,Handheld Shower Head,Bathroom,70,60
406,Zucchini,Food - Produce,52,13
407,Tomato Paste,Food - Canned Goods,34,24
408,Comfy Slippers,Footwear,27,11
409,Wireless Music Receiver,Audio,62,23
410,BBQ Sauce,Food - Condiments,14,58
411,Italian Sausage and Peppers,Food - Meat,62,37
412,Lentil Vegetable Curry,Food - Prepared Meals,47,55
413,Mushroom Soup (canned),Food - Canned Goods,19,89
414,Cauliflower Rice Stir-Fry,Food - Frozen Foods,58,88
415,Buffalo Cauliflower Wings,Food - Frozen Foods,36,48
416,Banana Chips,Food - Snacks,95,100
417,Outdoor Inflatable Pool,Outdoor,40,69
418,Miso Soup Starter,Food - Soups,30,6
419,Sustainable Wooden Toys,Toys,55,39
420,Oven-Baked Sweet Potato Fries,Food - Frozen Foods,89,71
421,Tomato Paste,Food - Canned Goods,17,51
422,Electric Rice Cooker with Steamer,Kitchen,54,7
423,Oven Thermometer,Kitchen,80,66
424,Travel Yoga Mat,Fitness,22,71
425,Creamy Coleslaw Mix,Food - Produce,57,19
426,Peach Fruit Cups,Food - Snacks,35,40
427,Travel Size Toiletry Bottles,Travel,3,43
428,Indestructible Dog Toy,Pets,41,48
429,LED Under Cabinet Lighting,Home,85,68
430,Savory Rice Cakes,Food - Snacks,14,40
431,Magic Color-Changing Mug,Kitchen,56,11
432,Chili Lime Seasoning,Food - Spices,92,50
433,Honey Roasted Peanuts,Food - Snacks,69,50
434,Bike Repair Tool Kit,Outdoor,52,48
435,Sweet Potato Chips,Food - Snacks,26,72
436,Smart Water Bottle,Fitness,57,49
437,Tuscan Bean Soup,Food - Canned Goods,88,84
438,Cheddar Cheese Slices,Food - Dairy,67,75
439,Caramelized Onion Dip,Food - Dairy,55,3
440,LED Canopy Lights,Outdoor,65,77
441,Brazil Nuts,Food - Nuts,75,16
442,Peanut Butter Chocolate Clusters,Food - Desserts,84,91
443,Elderberry Syrup Kit,Health,76,46
444,Chipotle Seasoning Blend,Food - Spices,53,8
445,Sun Protection Clothing,Clothing,20,8
446,Caramel Apple Taffy,Food - Confectionery,46,49
447,Almond Coconut Granola,Food - Breakfast Foods,51,1
448,Smart Plug,Smart Home,29,39
449,Plant Watering Spikes,Garden,4,45
450,Field Journal,Books,68,30
451,Folding Backpack Chair,Outdoor,24,69
452,Teriyaki Beef Jerky,Food - Snacks,1,33
453,Vanilla Almond Granola,Food - Breakfast,46,77
454,Pasta Primavera Kit,Food - Meal Kits,27,17
455,Smart Wi-Fi Camera,Smart Home,39,36
456,Pest Control Traps,Home,89,1
457,Dark Chocolate Raisins,Food - Snacks,53,26
458,BBQ Lentil Chips,Food - Snacks,58,72
459,Coloring Books for Adults,Books,22,90
460,Almond Milk,Food - Dairy,62,30
461,Vanilla Pudding Mix,Food - Baking,79,65
462,Portable Bluetooth Speaker,Audio,85,57
463,Peach Yogurt,Food - Dairy,17,12
464,Rainbow Veggie Chips,Food - Snacks,49,49
465,Safety First Aid Kit,Health,78,100
466,Lentil Pasta,Food - Pasta,51,69
467,Infrared Thermometer,Health,17,4
468,Basmati Rice,Food - Grains,28,73
469,Handmade Soap Making Kit,Crafts,87,63
470,Luminous Night Light,Home,23,48
471,Coconut Milk,Food - Canned Goods,21,30
472,Trail Mix (Deluxe),Food - Snacks,50,42
473,Car Windshield Sun Shade,Automotive,69,26
474,Apple Cinnamon Oatmeal,Food - Breakfast,100,87
475,Vegan Chickpea Salad,Food - Prepared Foods,97,65
476,Fitness Tracker Band,Fitness,97,34
477,Zucchini Noodle Pasta,Food - Vegetables,56,57
478,Roasted Garlic Pasta Sauce,Food - Sauces,91,15
479,Kids' STEM Robotics Kit,Toys,23,21
480,Pest Control Traps,Home,66,11
481,Frozen Spinach,Food - Frozen Foods,46,26
482,Frozen Salmon Filets,Food - Seafood,83,43
483,Low-Fat Yogurt,Food - Dairy,5,11
484,Pretzel Bites,Food - Snacks,8,3
485,Gluten-Free Biscuits,Food - Baking,39,80
486,Roasted Red Pepper Hummus,Food - Dips,29,75
487,Measuring Cups Set,Kitchen,41,69
488,Lentil Soup (canned),Food - Canned Goods,26,68
489,Customizable Wall Calendar,Office,78,7
490,Fashionable Scarves Set,Clothing,60,55
491,Coloring Books for Adults,Books,60,4
492,Camping Chair with Cooler,Outdoor,56,66
493,Relaxed Fit Henley Shirt,Clothing - Tops,72,77
494,Portable Hammock,Outdoor,7,90
495,Frozen Spinach,Food - Frozen Foods,9,51
496,Comfort Flats,Clothing - Shoes,91,26
497,Floral Wrap Top,Clothing - Tops,52,37
498,Compact Refrigerator,Home Appliances,28,95
499,Sesame Oil,Food - Oils & Vinegars,22,3
500,Vegan Mayonnaise,Food - Condiments,22,69
501,Yoga Strap,Fitness,45,17
502,Pepperoni Pizza Rolls,Food - Snacks,59,39
503,Pineapple Coconut Rice Mix,Food - Grains,67,40
504,Chicken Broth,Food - Canned Goods,5,1
505,Chickpea Pancakes,Food - Frozen,64,6
506,Portable Air Pump,Outdoor,34,28
507,Fleece Hoodie,Clothing - Outerwear,76,75
508,Personalized Cutting Board,Kitchen,89,95
509,Coconut Macaroons,Food - Confectionery,48,89
510,LED Table Lamp,Home,14,35
511,Digital Stopwatch Timer,Fitness,20,4
512,Picnic Blanket,Outdoor,30,20
513,Portable Refrigerator Freezer,Outdoor,80,91
514,Scented Candles,Home,15,52
515,Party Mini Dress,Clothing - Dresses,14,56
516,Portable Bluetooth Speaker,Audio,11,81
517,Orange Ginger Vinaigrette,Food - Condiments,33,48
518,Puzzle Game Set,Toys,47,44
519,Silicone Ice Cube Tray,Kitchen,41,38
520,Sliced Avocado,Food - Produce,21,40
521,Smoked Gouda Cheese,Food - Dairy,15,70
522,Bamboo Memory Foam Pillow,Home,29,47
523,Pet Nail Clipper,Pets,43,79
524,Portable Pet Stroller,Pets,24,96
525,Bamboo Toothbrush Holder,Health,98,93
526,Air Mattress,Outdoor,30,77
527,Walnut Halves,Food - Nuts,95,73
528,Stainless Steel Grater,Kitchen,15,52
529,Denim Jacket,Clothing - Outerwear,96,12
530,Pet Caress Brush,Pets,47,22
531,Cinnamon Sugar Popcorn,Food - Snacks,79,17
532,Folding Pocket Knife,Tools,37,50
533,Electronic Drum Kit,Music,72,43
534,Glass Food Containers,Kitchen,60,10
535,Carrot Ginger Soup,Food - Soups,80,58
536,Sweet Chili Dipping Sauce,Food - Condiments,30,42
537,Buffalo Wing Sauce,Food - Condiments,38,53
538,Electric Pressure Washer,Home Improvement,91,42
539,Mini Hand Gesture Drone,Toys,22,28
540,Memory Foam Mattress Topper,Home,75,87
541,Asian Salad Mix,Food - Produce,85,78
542,Elegant Lace Dress,Clothing - Dresses,90,93
543,Travel Yoga Mat,Fitness,37,73
544,Self-Cleaning Cat Litter Box,Pets,39,91
545,Brazil Nuts,Food - Nuts,18,32
546,Compact Shoe Rack,Home,13,90
547,Fresh Basil,Food - Produce,44,45
548,Digital Bullet Journal,Apps,33,63
549,Surimi Crab Sticks,Food - Seafood,43,63
550,Stylish Wireless Earbuds,Audio,65,10
551,Chickpea Pancakes,Food - Frozen,87,57
552,Hummus,Food - Snacks,1,42
553,Classic Minestrone Soup,Food - Soups,2,65
554,Sourdough Bread,Food - Bakery,96,99
555,High-Quality Yoga Mat,Fitness,63,96
556,Set of Measuring Spoons,Kitchen,17,3
557,Luxury Bath Salts,Beauty,5,30
558,Pet Grooming Kit,Pets,33,98
559,Smart Doorbell,Smart Home,43,5
560,Magnetic Whiteboard,Office,84,18
561,Gluten-Free Brownies,Food - Baking,65,95
562,Cold Brew Coffee Concentrate,Food - Beverages,72,58
563,Pumpkin Spice Coffee,Food - Beverages,66,71
564,Chicken Parmesan Dinner Kit,Food - Frozen Meals,83,58
565,Garden Hose,Garden,87,6
566,Smartphone Projector,Electronics,76,54
567,Wireless Charger Stand,Electronics,17,57
568,Rustic Italian Bread,Food - Bakery,70,71
569,LED Desk Light,Home,97,80
570,Kitchen Knife Sharpening System,Kitchen,85,68
571,Luxe Velvet Blazer,Clothing - Outerwear,96,41
572,Nut Butter Cups,Food - Snacks,76,81
573,Creamy Tomato Basil Soup,Food - Canned Goods,78,82
574,Black Bean Spaghetti,Food - Pasta,60,86
575,Linen Trousers,Clothing - Bottoms,82,11
576,Sports Water Bottle with Infuser,Fitness,63,32
577,Wireless Range Extender,Electronics,85,36
578,Instant Read Meat Thermometer,Kitchen,97,60
579,USB Desk Fan,Home,99,14
580,Two-Tier Fruit Basket,Home,54,13
581,Coconut Bowls Set,Kitchen,42,39
582,Mixed Nuts,Food - Snacks,81,57
583,Marinated Artichokes,Food - Vegetables,1,33
584,Wall-Mounted Wine Rack,Home,10,58
585,Veggie Burger Patties,Food - Meat Substitutes,1,78
586,Maple Bacon Potato Chips,Food - Snacks,95,100
587,Brownie Bites,Food - Baked Goods,82,4
588,Coconut Chia Seed Pudding,Food - Snacks,61,5
589,Collapsible Water Bottle,Fitness,91,77
590,Self-Cleaning Cat Litter Box,Pets,30,81
591,Buffalo Cauliflower Bites,Food - Freezer,32,82
592,Cauliflower Crust Pizza,Food - Freezer,18,6
593,Organic Brown Rice Cakes,Food - Snacks,28,4
594,Electric Fondue Pot,Kitchen,6,4
595,Eco-Friendly Yoga Blocks,Fitness,98,41
596,Creamy Garlic Mashed Potatoes,Food - Sides,48,98
597,Herbed Mushroom Risotto,Food - Prepared Foods,25,43
598,Pet Bed with Removable Cover,Pets,56,100
599,Lightweight Workout Tank,Clothing - Activewear,32,3
600,Fashionable Fanny Pack,Clothing - Accessories,77,4
601,Artisan Flatbreads,Food - Bakery,79,13
602,Home Office Chair,Furniture,17,97
603,Vintage Button-Down Shirt,Clothing - Shirts,6,80
604,Smart Water Bottle with Hydration Reminder,Fitness,62,32
605,Fitness Resistance Bands,Fitness,49,11
606,Gluten-Free Pancake Mix,Food - Baking Goods,21,100
607,Vegan Protein Powder,Health,85,91
608,Reclining Camping Chair,Outdoor,15,34
609,Magic Color-Changing Mug,Kitchen,89,92
610,Classic Baseball Cap,Clothing - Accessories,34,66
611,Scented Candles,Home,83,75
612,Aeropress Coffee Maker,Kitchen,63,71
613,Classic Bagels,Food - Bakery,29,82
614,Spicy Tuna Sushi Kit,Food - Prepared Meals,81,12
615,Crew Neck Sweater,Clothing - Sweaters,53,56
616,Coconut Milk,Food - Canned Goods,39,80
617,Turmeric Ginger Tea,Food - Beverages,74,56
618,Puzzle Mat,Toys,26,70
619,Stuffed Peppers with Quinoa,Food - Prepared Meals,68,58
620,Stylish Wide-Leg Trousers,Clothing - Bottoms,17,88
621,Sriracha Sauce,Food - Condiments,62,9
622,Almond Flour Cookies,Food - Bakery,15,54
623,Chicken Breasts,Food - Meat,42,32
624,Mini Air Hockey Table,Toys,53,61
625,Fitness Resistance Bands,Fitness,73,14
626,Basil Lemonade,Food - Beverages,49,34
627,Toilet Paper (12 rolls),Food - Household,79,88
628,Chili Lime Seasoning,Food - Spices,48,55
629,Dog Walking Waist Pack,Pets,43,25
630,Foam Building Blocks for Kids,Toys,47,4
631,Pet Grooming Gloves,Pets,94,29
632,Smoked Salmon,Food - Seafood,89,2
633,Wireless Charger Stand,Electronics,75,58
634,Chocolate Covered Pretzels,Food - Snacks,65,80
635,Olive Oil,Food - Condiments,9,22
636,Habanero Hot Sauce,Food - Condiments,44,56
637,Cheddar & Bacon Potato Skins,Food - Frozen,15,32
638,Lemon Pepper Seasoning,Food - Seasonings,100,99
639,French Bread,Food - Bakery,59,8
640,Beef Stew Meat,Food - Meat,57,45
641,Pet First Aid Kit,Pets,80,52
642,Silicone Baking Molds,Kitchen,56,60
643,Microfiber Cleaning Cloth Set,Home,63,75
644,Cinnamon Sugar Tortilla Chips,Food - Snacks,78,78
645,Coconut Curry Lentil Soup,Food - Canned Goods,37,28
646,Flavored Instant Oatmeal,Food - Breakfast,94,6
647,Quinoa & Black Bean Salad,Food - Salads,64,57
648,Portable UV Sterilizer,Health,95,77
649,Hot Salsa,Food - Dips,66,31
650,Ramen Noodles,Food - Pasta,88,52
651,Yoga Mat,Fitness,16,79
652,Children's Educational Puzzle,Toys,56,84
653,Sweet Chili Thai Sauce,Food - Condiments,33,40
654,Turkey Bacon,Food - Meat,34,21
655,Spaghetti Squash,Food - Produce,71,91
656,Garlic & Herb Goat Cheese,Food - Dairy,61,60
657,Instant Camera,Photography,7,23
658,Kids' Trampoline,Toys,92,88
659,Maple Bacon Popcorn,Food - Snacks,41,65
660,Peanut Butter,Food - Condiments,4,81
661,Frozen Mixed Berries,Food - Frozen Foods,82,1
662,Organic Coconut Water,Food - Beverages,14,94
663,Cinnamon Roll Dough,Food - Bakery,12,73
664,Overnight Hiking Backpack,Outdoor,58,86
665,Blueberry Muffin Mix,Food - Baking,29,36
666,Cinnamon Rolls,Food - Bakery,5,35
667,Cranberry Orange Oatmeal,Food - Breakfast,51,99
668,Collapsible Storage Crates,Home,52,26
669,Classic BBQ Sauce,Food - Condiments,92,61
670,Lightweight Workout Tank,Clothing - Activewear,21,49
671,Kids' Trampoline,Toys,37,28
672,Gluten-Free Brownies,Food - Baking,50,66
673,Electric Blanket,Home,92,5
674,Roasted Chickpeas,Food - Snacks,71,30
675,Chili Powder,Food - Spices,63,63
676,Vegetarian Stir Fry Sauce,Food - Condiments,86,48
677,Party Mini Dress,Clothing - Dresses,82,65
678,Vegetable Spring Rolls,Food - Frozen Foods,100,13
679,Pet Caress Brush,Pets,33,79
680,Electric Butter Churn,Kitchen,36,54
681,Portable Camping Stove,Outdoor,85,48
682,Yoga Mat Carrier,Fitness,3,10
683,Honey Sesame Cashews,Food - Snacks,81,3
684,Yoga Wheel,Fitness,49,6
685,Training Soccer Ball,Sports,39,75
686,Organic Baby Spinach,Food - Produce,29,70
687,Vanilla Ice Cream,Food - Frozen Foods,61,19
688,Bamboo Cotton Tank Top,Clothing - Tops,92,63
689,Deep Tissue Massage Gun,Health,45,44
690,Children's Science Experiment Lab Kit,Toys,68,59
691,High-Quality Yoga Block,Fitness,22,35
692,Insulated Sport Tumbler,Fitness,54,66
693,Oats,Food - Grains,8,17
694,Tuscan Bean Soup,Food - Canned Goods,49,40
695,Automatic Pet Feeder,Pets,28,70
696,Decorative LED Neon Sign,Home,65,44
697,Snap-On Tupperware Set,Kitchen,71,81
698,Electric Hot Water Dispenser,Kitchen,7,37
699,Car Escape Tool,Automotive,61,54
700,Children's Art Set,Toys,92,76
701,Sweet Potato Chips,Food - Snacks,17,46
702,Outdoor Sports Backpack,Outdoor,62,23
703,Cocoa Powder,Food - Baking,83,47
704,Sliced Olives,Food - Condiments,46,38
705,Cinnamon Apple Sauce,Food - Canned Goods,90,8
706,Fitness Foam Roller,Fitness,31,65
707,Portable Solar Camp Shower,Outdoor,90,91
708,Whole Wheat Bread,Food - Bakery,21,46
709,Suede Ankle Booties,Clothing - Footwear,93,64
710,Portable Phone Charger,Accessories,11,64
711,Insulated Coffee Mug,Kitchen,85,86
712,Mango Chutney,Food - Condiments,12,46
713,Fitness Jump Box,Fitness,67,37
714,Decorative Wall Tapestry,Home,69,82
715,Lemon Garlic Shrimp,Food - Seafood,87,50
716,Reusable Silicone Food Storage Bags,Kitchen,70,49
717,Cinnamon Raisin Bagels,Food - Bakery,84,54
718,Chocolate Dipped Fruit,Food - Snacks,59,10
719,Vegetable Fried Rice Mix,Food - Frozen Food,89,23
720,Blueberry Chia Jam,Food - Spreads,70,45
721,Dish Soap Dispenser,Kitchen,71,91
722,Satin Slip Dress,Clothing - Dresses,98,10
723,Coconut Yogurt,Food - Dairy Alternatives,5,33
724,Bird Feeder,Outdoor,96,76
725,Magnetic Phone Car Mount,Automotive,69,12
726,Smart Thermos,Fitness,94,63
727,Kids' Gardening Tools Set,Toys,40,17
728,Organic Apples,Food - Produce,5,92
729,Electric Food Slicer,Kitchen,26,100
730,Beard Grooming Kit,Grooming,70,76
731,Raspberry Lemonade Mix,Food - Beverages,44,55
732,Gardening Fairy Figurines,Garden,36,81
733,Flavored Instant Oatmeal,Food - Breakfast,7,56
734,Organic Blueberries,Food - Fruits,15,77
735,Sea Salt Caramel Brownie,Food - Bakery,23,43
736,Sun-Dried Tomatoes,Food - Vegetables,59,54
737,Almond Flour Pancake Mix,Food - Baking,37,85
738,Maple Breakfast Sausage,Food - Meat,57,10
739,Lemon Lime Sparkling Water,Food - Beverages,16,82
740,Chocolate Chip Muffins,Food - Bakery,56,74
741,Biodegradable Phone Case,Accessories,91,48
742,Peanut Butter Chocolate Chip Bars,Food - Snacks,37,99
743,Lentils,Food - Grains,15,72
744,Shatterproof Wine Glasses,Outdoor,75,66
745,Shoe Organizer,Home,36,33
746,Motorcycle Phone Mount,Automotive,71,78
747,Sports Windbreaker,Clothing - Outerwear,23,29
748,Lightweight Workout Tank,Clothing - Activewear,55,65
749,Corn Tortillas,Food - Bakery,60,47
750,Personal Safety Alarm,Safety,4,69
751,Personal Blender with Travel Cup,Kitchen,20,33
752,Raspberry Lemonade Mix,Food - Beverages,69,53
753,Pecan Pie Filling,Food - Baking Goods,45,31
754,Banana Nut Oatmeal Cups,Food - Breakfast,57,12
755,Wireless Game Controller,Gaming,38,85
756,Over-Ear Headphones,Audio,71,67
757,Portable Hammock Swing,Outdoor,49,75
758,Heart-Shaped Baking Molds,Kitchen,87,64
759,Chocolate Almond Milk,Food - Dairy Alternatives,32,39
760,Tabletop Fire Pit,Outdoor,23,81
761,Reclining Camping Chair,Outdoor,49,57
762,Electric Razor,Health,28,35
763,Toasted Coconut Granola,Food - Breakfast,56,75
764,Wireless Range Extender,Electronics,45,83
765,Vintage Graphic Tee,Clothing - Tops,19,22
766,Mango Chili Salsa,Food - Condiments,35,78
767,Smartphone Projector,Electronics,43,6
768,Honey BBQ Ribs,Food - Meat,77,22
769,Roasted Red Pepper Hummus,Food - Dips,49,37
770,Magnetic Whiteboard,Office,6,21
771,Pet Camera with Treat Dispenser,Pets,70,80
772,Wireless Charger,Accessories,72,91
773,Bamboo Bathtub Caddy,Home,12,56
774,Electric Stir Fry Pan,Kitchen,36,20
775,Coconut Macaroons,Food - Confectionery,31,42
776,Inflatable Paddle Board,Outdoor,29,46
777,Cable Knit Cardigan,Clothing - Outerwear,4,41
778,Portable Projector,Electronics,100,68
779,Car Windshield Sun Shade,Automotive,74,37
780,Rustic Italian Breads,Food - Bakery,54,30
781,Sun-Dried Tomatoes,Food - Vegetables,90,68
782,Lemon Herb Quinoa,Food - Grains,76,76
783,Lemon Sorbet,Food - Frozen Desserts,69,18
784,Hummus Variety Pack,Food - Dairy,4,59
785,Garlic & Herb Goat Cheese,Food - Dairy,99,43
786,Pet Leash,Pets,92,62
787,Butternut Squash Soup,Food - Soups,40,4
788,Pumpkin Ice Cream,Food - Frozen Foods,5,25
789,Glass Food Containers,Kitchen,5,88
790,Mushrooms,Food - Produce,31,4
791,Salt and Pepper Grinder Set,Kitchen,32,38
792,Coconut Curry Sauce,Food - Sauces,36,32
793,Electric Hot Water Dispenser,Kitchen,1,49
794,Compact Pop-Up Tent,Outdoor,18,6
795,Dark Chocolate Almond Butter Cups,Food - Snacks,18,88
796,Chickpea Flour,Food - Baking,62,88
797,Chocolate Mint Cookies,Food - Baking,18,44
798,Slim Wallet,Accessories,8,60
799,Honey Sesame Cashews,Food - Snacks,28,65
800,Chili Lime Seasoning,Food - Spices,33,19
801,Caramel Sauce,Food - Condiments,79,43
802,Californian Raisins,Food - Dried Fruits,87,53
803,Mixed Berry Smoothie Pack,Food - Frozen Food,64,74
804,Fruit and Nut Energy Bites,Food - Snacks,90,79
805,Chocolate Chip Energy Balls,Food - Snacks,61,88
806,Protein Powder,Fitness,64,70
807,Salt and Pepper Grinder Set,Kitchen,52,37
808,Portable Air Compressor,Automotive,1,69
809,Wall-Mounted Bookshelf,Home,68,71
810,Car Phone Mount,Automotive,83,76
811,Stainless Steel Water Bottle,Fitness,99,56
812,Acoustic Guitar,Music,86,8
813,Smart Plug,Smart Home,69,54
814,Gardening Gloves,Garden,11,66
815,Electric Heating Pad,Health,64,86
816,Athletic Compression Tights,Clothing - Activewear,64,58
817,Lemon Lime Sparkling Water,Food - Beverages,40,88
818,Kids' Crafting Station,Toys,74,98
819,Party Mini Dress,Clothing - Dresses,67,19
820,Caramel Apple Taffy,Food - Confectionery,13,27
821,Canvas High-Top Sneakers,Clothing - Footwear,8,45
822,Smartphone Photography Ring Light,Photography,37,8
823,Handheld Shower Head,Bathroom,42,91
824,Sliced Ham,Food - Meat,82,78
825,Portable Solar Path Lights,Outdoor,94,48
826,Sliced Strawberries,Food - Fruits,87,66
827,Pumpkin Spice Latte Mix,Food - Beverages,10,38
828,Wireless Car Charger,Automotive,95,62
829,Pet Caress Brush,Pets,10,80
830,Toasted Coconut Granola,Food - Breakfast,29,38
831,Toasted Coconut Granola,Food - Breakfast,89,42
832,Waffle Maker,Kitchen,80,19
833,Spicy BBQ Sauce,Food - Condiments,76,77
834,Almond Flour,Food - Baking,91,73
835,Travel Mug with Leak-Proof Lid,Kitchen,64,91
836,Baby Monitor,Baby,45,86
837,Cold Brew Coffee Concentrate,Food - Beverages,8,73
838,Customizable Photo Calendar,Books,43,81
839,Feta Cheese,Food - Dairy,78,56
840,Garden Vegetable Chips,Food - Snacks,64,69
841,Organic Coconut Yogurt,Food - Dairy,28,77
842,Adjustable Stand for Tablets and Smartphones,Electronics,33,100
843,Magnetic Spice Containers,Kitchen,42,38
844,Patterned Knit Scarf,Clothing - Accessories,36,33
845,Car Vacuum Cleaner,Automotive,11,34
846,Fruit and Nut Medley,Food - Snacks,91,100
847,Oven-Baked Cheese Crisps,Food - Snacks,96,33
848,Over-The-Door Shoe Organizer,Home,10,28
849,Arcade Game Machine,Gaming,29,90
850,Herb-Infused Olive Oil,Food - Oils,66,59
851,Air Fryer,Kitchen,12,35
852,LED Strip Lights with Remote Control,Home,36,59
853,Fitness Balance Ball,Fitness,19,49
854,Frozen Berry Medley,Food - Frozen Foods,16,43
855,Organic Coconut Water,Food - Beverages,89,18
856,Wall Calendar,Home,73,84
857,Portable Air Conditioner,Home Appliances,3,14
858,Maple Cinnamon Granola Bars,Food - Snacks,58,88
859,Frozen Berry Blend,Food - Frozen Foods,38,98
860,Jigsaw Puzzle,Toys,63,38
861,Cranberry Almond Biscotti,Food - Bakery,7,81
862,Two-Tone Windbreaker,Clothing - Outerwear,59,14
863,Reusable Food Storage Bags,Kitchen,35,93
864,Honey Mustard Pretzel Bites,Food - Snacks,5,44
865,LED Desk Lamp,Home,58,40
866,Crispy Potato Tots,Food - Frozen Foods,22,19
867,Cucumber,Food - Produce,67,46
868,Thai Red Curry Paste,Food - Condiments,96,48
869,Cinnamon Roll Kit,Food - Baking,73,81
870,Collapsible Camping Cup,Outdoor,75,41
871,Dog Collar,Pets,10,98
872,Flavored Instant Oatmeal,Food - Breakfast,31,70
873,Sriracha Hot Chili Sauce,Food - Condiments,10,23
874,Apple Cinnamon Oatmeal,Food - Breakfast,73,37
875,Vegetable Stir-Fry Kit,Food - Produce,81,80
876,Essential Oil Roller Bottles,Health,17,19
877,Basil Pesto Pasta,Food - Prepared Meals,16,1
878,Ready-to-Eat Chili,Food - Soups,76,43
879,Ergonomic Mouse Pad with Wrist Support,Office,16,99
880,Laptop Backpack,Accessories,17,74
881,Cotton Sweatpants,Clothing - Bottoms,95,8
882,Honey Garlic Sauce,Food - Sauces,34,44
883,Energy Protein Bars,Food - Snacks,73,83
884,Mushrooms,Food - Produce,47,5
885,Wire Shelving Unit,Home,84,15
886,Durable Hiking Boots,Footwear,49,44
887,Guitar Tuner,Music,21,71
888,Safety Goggles,Safety,63,92
889,Cinnamon Raisin Bread,Food - Bakery,16,38
890,Coconut Milk Ice Cream,Food - Frozen Desserts,56,85
891,Free-Range Eggs,Food - Dairy,63,46
892,Spinach Feta Wraps,Food - Deli,18,8
893,Flavored Rice Cakes,Food - Snacks,38,39
894,Black Bean & Corn Salad,Food - Salads,9,7
895,LED Under Cabinet Lighting,Home,47,96
896,Almond Butter,Food - Condiments,62,41
897,Wooden Blocks,Toys,41,75
898,Pineapple Salsa,Food - Condiments,42,4
899,Mediterranean Chickpea Bowl,Food - Prepared Foods,1,22
900,Athletic Jogging Jacket,Clothing - Outerwear,55,90
901,Pet Travel Bed,Pets,95,28
902,Collapsible Storage Crates,Home,43,28
903,Classic Leather Wallet,Clothing - Accessories,82,88
904,Lentils,Food - Grains,63,19
905,Handcrafted Wooden Jewelry Box,Accessories,100,86
906,Bamboo Cutting Board Set,Kitchen,55,26
907,Wi-Fi Enabled Smart Light Switch,Smart Home,65,79
908,Ice Cream Maker,Kitchen,76,55
909,Electric Butter Churn,Kitchen,38,71
910,Organic Cereal Bars,Food - Snacks,43,57
911,Bamboo Bathtub Caddy,Home,77,45
912,Caribbean Jerk Marinade,Food - Marinades,57,95
913,Cauliflower Crust Pizza,Food - Freezer,41,48
914,Zesty Garlic Hummus,Food - Snacks,76,71
915,Mesh Laundry Bags Set,Home,13,51
916,Snap-On Tupperware Set,Kitchen,32,18
917,Car Windshield Sun Shade,Automotive,61,69
918,Microfiber Cleaning Cloths,Home,100,31
919,Fashionable Fanny Pack,Clothing - Accessories,15,52
920,Inflatable Paddle Board,Outdoor,16,26
921,Artisan Bread,Food - Bakery,25,27
922,Vegan Cheese,Food - Dairy Alternatives,20,87
923,Video Camera,Electronics,91,62
924,Spicy BBQ Sauce,Food - Condiments,38,93
925,Coffee Making Kit,Kitchen,3,84
926,Garden Tool Set,Garden,15,23
927,Garlic Parmesan Wings,Food - Frozen Foods,21,84
928,Dog Walking Waist Pack,Pets,17,91
929,Wall Calendar,Home,63,93
930,Kettle Chip Variety Pack,Food - Snacks,54,63
931,Foldable Yoga Mat,Fitness,99,30
932,Over-the-Door Hooks,Home,68,84
933,Tomatillo Salsa,Food - Condiments,40,64
934,Cat Scratching Post with Toys,Pets,69,20
935,Lockable Bicycle Chain,Outdoor,31,27
936,Vacuum Sealer Machine,Kitchen,62,17
937,Safety Pin Dispenser,Office,46,48
938,Printed Maxi Skirt,Clothing - Skirts,79,24
939,Collapsible Water Bottle,Fitness,4,88
940,Thai Coconut Curry Sauce,Food - Condiments,36,76
941,Organic Spinach,Food - Produce,2,32
942,Couscous Mix,Food - Grains,49,83
943,Soft Plush Throw Blanket,Home,86,54
944,Low-Fat Cottage Cheese,Food - Dairy,86,22
945,Quinoa Salad,Food - Prepared Foods,40,100
946,Dog Training Clicker,Pets,31,62
947,Chia Seed Pudding,Food - Snacks,8,13
948,Scent Diffuser Oil,Home,40,48
949,Silicone Baking Cups,Kitchen,67,76
950,Apple Pie Filling,Food - Canned Goods,63,26
951,Frozen Hash Browns,Food - Frozen Foods,50,16
952,Digital Voice Recorder,Electronics,25,83
953,Cajun Seasoning,Food - Spices,88,57
954,Herbal Garden Starter Kit,Garden,94,91
955,Maple Bacon Popcorn,Food - Snacks,29,20
956,Plant Growing Kit,Garden,74,32
957,LED Desk Lamp with USB Charging Port,Office,85,15
958,Mesh Laundry Bags Set,Home,75,60
959,Bird Feeder,Outdoor,36,86
960,Sea Salt Caramel Brownie,Food - Bakery,47,34
961,Cold Brew Coffee Concentrate,Food - Beverages,15,73
962,Smartphone Camera Lens Kit,Photography,18,17
963,Chipotle Lime Salsa,Food - Condiments,95,10
964,Noise Reduction Headphones,Audio,34,37
965,Bicycle Lock,Bicycles,64,67
966,Handmade Leather Journal,Books,49,97
967,Adjustable Yoga Mat Strap,Fitness,59,44
968,Teriyaki Stir-Fry Sauce,Food - Condiments,96,92
969,Children's Art Set,Toys,3,60
970,Tuscan Bean Soup,Food - Canned Goods,29,39
971,Adjustable Pedicure Footrest,Beauty,96,77
972,Beef Taco Skillet,Food - Meal Kits,56,21
973,Avocado Oil,Food - Oils,42,91
974,Cheddar Cheese Crackers,Food - Snacks,41,26
975,Coconut Curry Chicken,Food - Frozen Foods,10,49
976,Herb Drying Rack,Garden,7,99
977,Red Lentil Pasta,Food - Pasta,58,92
978,Water Bottle with Built-in Fruit Infuser,Fitness,24,10
979,Vintage Graphic Tee,Clothing - Tops,4,81
980,Vegetarian Stir Fry Sauce,Food - Condiments,89,25
981,Self-Watering Planters,Garden,63,84
982,Window Bird Feeder with Suction Cups,Outdoor,67,88
983,Stylish Wide-Leg Trousers,Clothing - Bottoms,18,63
984,Luxury Bath Salts,Beauty,29,16
985,Quinoa,Food - Grains,93,74
986,Almond Flour,Food - Baking,81,57
987,Foldable Yoga Mat Carry Bag,Fitness,63,1
988,Pet Water Fountain with Filtration,Pets,27,40
989,Eco-Friendly Yoga Blocks,Fitness,59,17
990,Maxi Wrap Dress,Clothing - Dresses,100,88
991,Electric Blanket,Home,26,54
992,Granulated Sugar,Food - Baking,16,61
993,Flavored Popcorn Mix,Food - Snacks,64,14
994,Baked Potato Chips,Food - Snacks,56,36
995,Halloween Decoration Set,Home,28,6
996,Sweet Corn,Food - Canned Goods,19,15
997,Eco-Friendly Yoga Blocks,Fitness,93,38
998,Pesto Genovese,Food - Condiments,37,31
999,Plant-Based Meal Prep Containers,Kitchen,68,19
1000,Silicone Baking Mat Set,Kitchen,8,25
